project_id,project_name,project_description,number_of_bandits
1,Incentivize one-to-one systems,Over more against risk include bring sense.,1
2,Empower web-enabled communities,Admit receive because value. Message loss and visit month thing and Mrs.,1
3,Deploy web-enabled metrics,Across try adult significant it than. Size help hot buy fund beautiful value for.,3
4,Enable robust eyeballs,Trade with hour camera lawyer or. Woman program little office fall idea.,2
5,Engineer web-enabled infrastructures,Someone information read interview by indeed price hour. Condition none phone about.,2
6,Integrate proactive interfaces,Really name store discuss green may. Rich them ahead sort individual.,2
7,Seize back-end content,Manage daughter half challenge free human. Party development shoulder contain.,1
8,Revolutionize synergistic technologies,Away sport because strategy low they. Continue paper decade sit.,5
9,Facilitate intuitive content,"Accept air wind.
Simply operation their cause. Pretty later almost main.",1
10,Reinvent compelling bandwidth,Evening bar even increase safe process resource. Series but say onto common.,5
