customer_id,email,name
1,user1@example.com,User_1
2,user2@example.com,User_2
3,user3@example.com,User_3
4,user4@example.com,User_4
5,user5@example.com,User_5
6,user6@example.com,User_6
7,user7@example.com,User_7
8,user8@example.com,User_8
9,user9@example.com,User_9
10,user10@example.com,User_10
11,user11@example.com,User_11
12,user12@example.com,User_12
13,user13@example.com,User_13
14,user14@example.com,User_14
15,user15@example.com,User_15
16,user16@example.com,User_16
17,user17@example.com,User_17
18,user18@example.com,User_18
19,user19@example.com,User_19
20,user20@example.com,User_20
21,user21@example.com,User_21
22,user22@example.com,User_22
23,user23@example.com,User_23
24,user24@example.com,User_24
25,user25@example.com,User_25
26,user26@example.com,User_26
27,user27@example.com,User_27
28,user28@example.com,User_28
29,user29@example.com,User_29
30,user30@example.com,User_30
31,user31@example.com,User_31
32,user32@example.com,User_32
33,user33@example.com,User_33
34,user34@example.com,User_34
35,user35@example.com,User_35
36,user36@example.com,User_36
37,user37@example.com,User_37
38,user38@example.com,User_38
39,user39@example.com,User_39
40,user40@example.com,User_40
41,user41@example.com,User_41
42,user42@example.com,User_42
43,user43@example.com,User_43
44,user44@example.com,User_44
45,user45@example.com,User_45
46,user46@example.com,User_46
47,user47@example.com,User_47
48,user48@example.com,User_48
49,user49@example.com,User_49
50,user50@example.com,User_50
51,user51@example.com,User_51
52,user52@example.com,User_52
53,user53@example.com,User_53
54,user54@example.com,User_54
55,user55@example.com,User_55
56,user56@example.com,User_56
57,user57@example.com,User_57
58,user58@example.com,User_58
59,user59@example.com,User_59
60,user60@example.com,User_60
61,user61@example.com,User_61
62,user62@example.com,User_62
63,user63@example.com,User_63
64,user64@example.com,User_64
65,user65@example.com,User_65
66,user66@example.com,User_66
67,user67@example.com,User_67
68,user68@example.com,User_68
69,user69@example.com,User_69
70,user70@example.com,User_70
71,user71@example.com,User_71
72,user72@example.com,User_72
73,user73@example.com,User_73
74,user74@example.com,User_74
75,user75@example.com,User_75
76,user76@example.com,User_76
77,user77@example.com,User_77
78,user78@example.com,User_78
79,user79@example.com,User_79
80,user80@example.com,User_80
81,user81@example.com,User_81
82,user82@example.com,User_82
83,user83@example.com,User_83
84,user84@example.com,User_84
85,user85@example.com,User_85
86,user86@example.com,User_86
87,user87@example.com,User_87
88,user88@example.com,User_88
89,user89@example.com,User_89
90,user90@example.com,User_90
91,user91@example.com,User_91
92,user92@example.com,User_92
93,user93@example.com,User_93
94,user94@example.com,User_94
95,user95@example.com,User_95
96,user96@example.com,User_96
97,user97@example.com,User_97
98,user98@example.com,User_98
99,user99@example.com,User_99
100,user100@example.com,User_100
